{
  "$schema": "https://developer.microsoft.com/json-schemas/spfx-build/package-solution.schema.json",
  "solution": {
    "name": "content-query-client-side-solution",
    "id": "94ce9bf1-ce33-4973-a561-07db6268ee3d",
    "version": "1.0.0.0",
    "includeClientSideAssets": true,
    "skipFeatureDeployment": true,
    "isDomainIsolated": false,
    "developer": {
      "name": "",
      "websiteUrl": "",
      "privacyUrl": "",
      "termsOfUseUrl": "",
      "mpnId": "Undefined-1.17.1"
    },
    "metadata": {
      "shortDescription": {
        "default": "contentQuery description"
      },
      "longDescription": {
        "default": "contentQuery description"
      },
      "screenshotPaths": [],
      "videoUrl": "",
      "categories": []
    },
    "features": [
      {
        "title": "content-query Feature",
        "description": "The feature that activates elements of the content-query solution.",
        "id": "c03004d6-a1a6-4f9a-a578-79d49d0da812",
        "version": "1.0.0.0"
      }
    ]
  },
  "paths": {
    "zippedPackage": "solution/content-query.sppkg"
  }
}
