[{"id":"73e1dc6c-8441-42cc-ad47-4bd3659f8a3a","alias":"SPLodashSubset","componentType":"Library","version":"1.17.1","manifestVersion":2,"loaderConfig":{"internalModuleBaseUrls":["https://localhost:4321/node_modules/@microsoft/sp-lodash-subset/dist/"],"entryModuleId":"sp-lodash-subset","scriptResources":{"sp-lodash-subset":{"type":"path","path":"sp-lodash-subset_728eab1c1516b6175c07.js"}}}},{"id":"7263c7d0-1d6a-45ec-8d85-d4d1d234171b","alias":"SPCoreLibrary","componentType":"Library","version":"1.17.1","manifestVersion":2,"loaderConfig":{"internalModuleBaseUrls":["https://localhost:4321/node_modules/@microsoft/sp-core-library/dist/","https://localhost:4321/dist/"],"entryModuleId":"sp-core-library","scriptResources":{"sp-core-library":{"type":"localizedPath","paths":{"default":"sp-core-library_default_3aea57db562cdfa3b243.js","en-US":"sp-core-library_en-us_3aea57db562cdfa3b243.js","qps-ploca":"sp-core-library_qps-ploca_3aea57db562cdfa3b243.js","qps-ploc":"sp-core-library_qps-ploc_3aea57db562cdfa3b243.js","en-GB":"sp-core-library_en-us_3aea57db562cdfa3b243.js","en-NZ":"sp-core-library_en-us_3aea57db562cdfa3b243.js","en-IE":"sp-core-library_en-us_3aea57db562cdfa3b243.js","en-AU":"sp-core-library_en-us_3aea57db562cdfa3b243.js","bn":"sp-core-library_en-us_3aea57db562cdfa3b243.js","chr":"sp-core-library_en-us_3aea57db562cdfa3b243.js","dv":"sp-core-library_en-us_3aea57db562cdfa3b243.js","div":"sp-core-library_en-us_3aea57db562cdfa3b243.js","en":"sp-core-library_en-us_3aea57db562cdfa3b243.js","fil":"sp-core-library_en-us_3aea57db562cdfa3b243.js","haw":"sp-core-library_en-us_3aea57db562cdfa3b243.js","iu":"sp-core-library_en-us_3aea57db562cdfa3b243.js","lo":"sp-core-library_en-us_3aea57db562cdfa3b243.js","moh":"sp-core-library_en-us_3aea57db562cdfa3b243.js","sq":"sp-core-library_en-us_3aea57db562cdfa3b243.js","am":"sp-core-library_en-us_3aea57db562cdfa3b243.js","hy":"sp-core-library_en-us_3aea57db562cdfa3b243.js","mk":"sp-core-library_en-us_3aea57db562cdfa3b243.js","bs":"sp-core-library_en-us_3aea57db562cdfa3b243.js","my":"sp-core-library_en-us_3aea57db562cdfa3b243.js","dz":"sp-core-library_en-us_3aea57db562cdfa3b243.js","en-CY":"sp-core-library_en-us_3aea57db562cdfa3b243.js","en-EG":"sp-core-library_en-us_3aea57db562cdfa3b243.js","en-IL":"sp-core-library_en-us_3aea57db562cdfa3b243.js","en-IS":"sp-core-library_en-us_3aea57db562cdfa3b243.js","en-JO":"sp-core-library_en-us_3aea57db562cdfa3b243.js","en-KE":"sp-core-library_en-us_3aea57db562cdfa3b243.js","en-KW":"sp-core-library_en-us_3aea57db562cdfa3b243.js","en-MK":"sp-core-library_en-us_3aea57db562cdfa3b243.js","en-MT":"sp-core-library_en-us_3aea57db562cdfa3b243.js","en-PK":"sp-core-library_en-us_3aea57db562cdfa3b243.js","en-QA":"sp-core-library_en-us_3aea57db562cdfa3b243.js","en-SA":"sp-core-library_en-us_3aea57db562cdfa3b243.js","en-LK":"sp-core-library_en-us_3aea57db562cdfa3b243.js","en-AE":"sp-core-library_en-us_3aea57db562cdfa3b243.js","en-VN":"sp-core-library_en-us_3aea57db562cdfa3b243.js","is":"sp-core-library_en-us_3aea57db562cdfa3b243.js","km":"sp-core-library_en-us_3aea57db562cdfa3b243.js","kh":"sp-core-library_en-us_3aea57db562cdfa3b243.js","mt":"sp-core-library_en-us_3aea57db562cdfa3b243.js","fa":"sp-core-library_en-us_3aea57db562cdfa3b243.js","gd":"sp-core-library_en-us_3aea57db562cdfa3b243.js","sr-Cyrl-BA":"sp-core-library_en-us_3aea57db562cdfa3b243.js","sr-Latn-BA":"sp-core-library_en-us_3aea57db562cdfa3b243.js","sd":"sp-core-library_en-us_3aea57db562cdfa3b243.js","si":"sp-core-library_en-us_3aea57db562cdfa3b243.js","so":"sp-core-library_en-us_3aea57db562cdfa3b243.js","ti-ET":"sp-core-library_en-us_3aea57db562cdfa3b243.js","uz":"sp-core-library_en-us_3aea57db562cdfa3b243.js","en-SG":"sp-core-library_en-us_3aea57db562cdfa3b243.js","en-HK":"sp-core-library_en-us_3aea57db562cdfa3b243.js","en-MY":"sp-core-library_en-us_3aea57db562cdfa3b243.js","en-PH":"sp-core-library_en-us_3aea57db562cdfa3b243.js","en-TT":"sp-core-library_en-us_3aea57db562cdfa3b243.js","en-AZ":"sp-core-library_en-us_3aea57db562cdfa3b243.js","en-BH":"sp-core-library_en-us_3aea57db562cdfa3b243.js","en-BN":"sp-core-library_en-us_3aea57db562cdfa3b243.js","en-ID":"sp-core-library_en-us_3aea57db562cdfa3b243.js","mi":"sp-core-library_en-us_3aea57db562cdfa3b243.js"},"defaultPath":"sp-core-library_default_3aea57db562cdfa3b243.js"},"tslib":{"type":"component","id":"01c4df03-e775-48cb-aa14-171ee5199a15","version":"2.3.1"},"@ms/odsp-core-bundle":{"type":"component","id":"2e09fb9b-13bb-48f2-859f-97d6fff71176","version":"1.3.154"}}}},{"id":"29bd516f-4ece-40b7-8028-597cbc65a223","alias":"SpOfficeUIFabricCore","componentType":"Library","version":"1.17.1","manifestVersion":2,"loaderConfig":{"internalModuleBaseUrls":["https://localhost:4321/node_modules/@microsoft/sp-office-ui-fabric-core/dist/","http://localhost:4321/dist/"],"entryModuleId":"office-ui-fabric-core","scriptResources":{"office-ui-fabric-core":{"type":"path","path":"office-ui-fabric-core_none_a5202589b1664bc3b1b6.js"},"@microsoft/load-themed-styles":{"type":"component","id":"229b8d08-79f3-438b-8c21-4613fc877abd","version":"0.1.2"}}}},{"manifestVersion":2,"id":"78359e4b-07c2-43c6-8d0b-d060b4d577e8","alias":"SPDiagnostics","componentType":"Library","version":"1.17.1","loaderConfig":{"internalModuleBaseUrls":["https://localhost:4321/node_modules/@microsoft/sp-diagnostics/dist/","https://localhost:4321/dist/"],"entryModuleId":"sp-diagnostics","scriptResources":{"sp-diagnostics":{"type":"path","path":"sp-diagnostics_none_111a8a02b9a7debb5420.js"},"tslib":{"type":"component","id":"01c4df03-e775-48cb-aa14-171ee5199a15","version":"2.3.1"},"@microsoft/sp-lodash-subset":{"type":"component","id":"73e1dc6c-8441-42cc-ad47-4bd3659f8a3a","version":"1.17.1"},"@microsoft/sp-core-library":{"type":"component","id":"7263c7d0-1d6a-45ec-8d85-d4d1d234171b","version":"1.17.1"}}}},{"manifestVersion":2,"id":"e40f8203-b39d-425a-a957-714852e33b79","alias":"SPDynamicData","componentType":"Library","version":"1.17.1","loaderConfig":{"internalModuleBaseUrls":["https://localhost:4321/node_modules/@microsoft/sp-dynamic-data/dist/","https://localhost:4321/dist/"],"entryModuleId":"sp-dynamic-data","scriptResources":{"sp-dynamic-data":{"type":"localizedPath","paths":{"default":"sp-dynamic-data_default_f1df16d9434423aeeaf7.js","en-US":"sp-dynamic-data_en-us_f1df16d9434423aeeaf7.js","qps-ploca":"sp-dynamic-data_qps-ploca_f1df16d9434423aeeaf7.js","qps-ploc":"sp-dynamic-data_qps-ploc_f1df16d9434423aeeaf7.js","en-GB":"sp-dynamic-data_en-us_f1df16d9434423aeeaf7.js","en-NZ":"sp-dynamic-data_en-us_f1df16d9434423aeeaf7.js","en-IE":"sp-dynamic-data_en-us_f1df16d9434423aeeaf7.js","en-AU":"sp-dynamic-data_en-us_f1df16d9434423aeeaf7.js","bn":"sp-dynamic-data_en-us_f1df16d9434423aeeaf7.js","chr":"sp-dynamic-data_en-us_f1df16d9434423aeeaf7.js","dv":"sp-dynamic-data_en-us_f1df16d9434423aeeaf7.js","div":"sp-dynamic-data_en-us_f1df16d9434423aeeaf7.js","en":"sp-dynamic-data_en-us_f1df16d9434423aeeaf7.js","fil":"sp-dynamic-data_en-us_f1df16d9434423aeeaf7.js","haw":"sp-dynamic-data_en-us_f1df16d9434423aeeaf7.js","iu":"sp-dynamic-data_en-us_f1df16d9434423aeeaf7.js","lo":"sp-dynamic-data_en-us_f1df16d9434423aeeaf7.js","moh":"sp-dynamic-data_en-us_f1df16d9434423aeeaf7.js","sq":"sp-dynamic-data_en-us_f1df16d9434423aeeaf7.js","am":"sp-dynamic-data_en-us_f1df16d9434423aeeaf7.js","hy":"sp-dynamic-data_en-us_f1df16d9434423aeeaf7.js","mk":"sp-dynamic-data_en-us_f1df16d9434423aeeaf7.js","bs":"sp-dynamic-data_en-us_f1df16d9434423aeeaf7.js","my":"sp-dynamic-data_en-us_f1df16d9434423aeeaf7.js","dz":"sp-dynamic-data_en-us_f1df16d9434423aeeaf7.js","en-CY":"sp-dynamic-data_en-us_f1df16d9434423aeeaf7.js","en-EG":"sp-dynamic-data_en-us_f1df16d9434423aeeaf7.js","en-IL":"sp-dynamic-data_en-us_f1df16d9434423aeeaf7.js","en-IS":"sp-dynamic-data_en-us_f1df16d9434423aeeaf7.js","en-JO":"sp-dynamic-data_en-us_f1df16d9434423aeeaf7.js","en-KE":"sp-dynamic-data_en-us_f1df16d9434423aeeaf7.js","en-KW":"sp-dynamic-data_en-us_f1df16d9434423aeeaf7.js","en-MK":"sp-dynamic-data_en-us_f1df16d9434423aeeaf7.js","en-MT":"sp-dynamic-data_en-us_f1df16d9434423aeeaf7.js","en-PK":"sp-dynamic-data_en-us_f1df16d9434423aeeaf7.js","en-QA":"sp-dynamic-data_en-us_f1df16d9434423aeeaf7.js","en-SA":"sp-dynamic-data_en-us_f1df16d9434423aeeaf7.js","en-LK":"sp-dynamic-data_en-us_f1df16d9434423aeeaf7.js","en-AE":"sp-dynamic-data_en-us_f1df16d9434423aeeaf7.js","en-VN":"sp-dynamic-data_en-us_f1df16d9434423aeeaf7.js","is":"sp-dynamic-data_en-us_f1df16d9434423aeeaf7.js","km":"sp-dynamic-data_en-us_f1df16d9434423aeeaf7.js","kh":"sp-dynamic-data_en-us_f1df16d9434423aeeaf7.js","mt":"sp-dynamic-data_en-us_f1df16d9434423aeeaf7.js","fa":"sp-dynamic-data_en-us_f1df16d9434423aeeaf7.js","gd":"sp-dynamic-data_en-us_f1df16d9434423aeeaf7.js","sr-Cyrl-BA":"sp-dynamic-data_en-us_f1df16d9434423aeeaf7.js","sr-Latn-BA":"sp-dynamic-data_en-us_f1df16d9434423aeeaf7.js","sd":"sp-dynamic-data_en-us_f1df16d9434423aeeaf7.js","si":"sp-dynamic-data_en-us_f1df16d9434423aeeaf7.js","so":"sp-dynamic-data_en-us_f1df16d9434423aeeaf7.js","ti-ET":"sp-dynamic-data_en-us_f1df16d9434423aeeaf7.js","uz":"sp-dynamic-data_en-us_f1df16d9434423aeeaf7.js","en-SG":"sp-dynamic-data_en-us_f1df16d9434423aeeaf7.js","en-HK":"sp-dynamic-data_en-us_f1df16d9434423aeeaf7.js","en-MY":"sp-dynamic-data_en-us_f1df16d9434423aeeaf7.js","en-PH":"sp-dynamic-data_en-us_f1df16d9434423aeeaf7.js","en-TT":"sp-dynamic-data_en-us_f1df16d9434423aeeaf7.js","en-AZ":"sp-dynamic-data_en-us_f1df16d9434423aeeaf7.js","en-BH":"sp-dynamic-data_en-us_f1df16d9434423aeeaf7.js","en-BN":"sp-dynamic-data_en-us_f1df16d9434423aeeaf7.js","en-ID":"sp-dynamic-data_en-us_f1df16d9434423aeeaf7.js","mi":"sp-dynamic-data_en-us_f1df16d9434423aeeaf7.js"},"defaultPath":"sp-dynamic-data_default_f1df16d9434423aeeaf7.js"},"@microsoft/sp-lodash-subset":{"type":"component","id":"73e1dc6c-8441-42cc-ad47-4bd3659f8a3a","version":"1.17.1"},"@microsoft/sp-core-library":{"type":"component","id":"7263c7d0-1d6a-45ec-8d85-d4d1d234171b","version":"1.17.1"},"@microsoft/sp-diagnostics":{"type":"component","id":"78359e4b-07c2-43c6-8d0b-d060b4d577e8","version":"1.17.1"}}}},{"id":"1c4541f7-5c31-41aa-9fa8-fbc9dc14c0a8","alias":"SPPageContext","componentType":"Library","version":"1.17.1","manifestVersion":2,"loaderConfig":{"internalModuleBaseUrls":["https://localhost:4321/node_modules/@microsoft/sp-page-context/dist/","https://localhost:4321/dist/"],"entryModuleId":"sp-page-context","scriptResources":{"sp-page-context":{"type":"localizedPath","paths":{"default":"sp-page-context_default_3dd4cac036a9feace5ec.js","en-US":"sp-page-context_en-us_3dd4cac036a9feace5ec.js","qps-ploca":"sp-page-context_qps-ploca_3dd4cac036a9feace5ec.js","qps-ploc":"sp-page-context_qps-ploc_3dd4cac036a9feace5ec.js","en-GB":"sp-page-context_en-us_3dd4cac036a9feace5ec.js","en-NZ":"sp-page-context_en-us_3dd4cac036a9feace5ec.js","en-IE":"sp-page-context_en-us_3dd4cac036a9feace5ec.js","en-AU":"sp-page-context_en-us_3dd4cac036a9feace5ec.js","bn":"sp-page-context_en-us_3dd4cac036a9feace5ec.js","chr":"sp-page-context_en-us_3dd4cac036a9feace5ec.js","dv":"sp-page-context_en-us_3dd4cac036a9feace5ec.js","div":"sp-page-context_en-us_3dd4cac036a9feace5ec.js","en":"sp-page-context_en-us_3dd4cac036a9feace5ec.js","fil":"sp-page-context_en-us_3dd4cac036a9feace5ec.js","haw":"sp-page-context_en-us_3dd4cac036a9feace5ec.js","iu":"sp-page-context_en-us_3dd4cac036a9feace5ec.js","lo":"sp-page-context_en-us_3dd4cac036a9feace5ec.js","moh":"sp-page-context_en-us_3dd4cac036a9feace5ec.js","sq":"sp-page-context_en-us_3dd4cac036a9feace5ec.js","am":"sp-page-context_en-us_3dd4cac036a9feace5ec.js","hy":"sp-page-context_en-us_3dd4cac036a9feace5ec.js","mk":"sp-page-context_en-us_3dd4cac036a9feace5ec.js","bs":"sp-page-context_en-us_3dd4cac036a9feace5ec.js","my":"sp-page-context_en-us_3dd4cac036a9feace5ec.js","dz":"sp-page-context_en-us_3dd4cac036a9feace5ec.js","en-CY":"sp-page-context_en-us_3dd4cac036a9feace5ec.js","en-EG":"sp-page-context_en-us_3dd4cac036a9feace5ec.js","en-IL":"sp-page-context_en-us_3dd4cac036a9feace5ec.js","en-IS":"sp-page-context_en-us_3dd4cac036a9feace5ec.js","en-JO":"sp-page-context_en-us_3dd4cac036a9feace5ec.js","en-KE":"sp-page-context_en-us_3dd4cac036a9feace5ec.js","en-KW":"sp-page-context_en-us_3dd4cac036a9feace5ec.js","en-MK":"sp-page-context_en-us_3dd4cac036a9feace5ec.js","en-MT":"sp-page-context_en-us_3dd4cac036a9feace5ec.js","en-PK":"sp-page-context_en-us_3dd4cac036a9feace5ec.js","en-QA":"sp-page-context_en-us_3dd4cac036a9feace5ec.js","en-SA":"sp-page-context_en-us_3dd4cac036a9feace5ec.js","en-LK":"sp-page-context_en-us_3dd4cac036a9feace5ec.js","en-AE":"sp-page-context_en-us_3dd4cac036a9feace5ec.js","en-VN":"sp-page-context_en-us_3dd4cac036a9feace5ec.js","is":"sp-page-context_en-us_3dd4cac036a9feace5ec.js","km":"sp-page-context_en-us_3dd4cac036a9feace5ec.js","kh":"sp-page-context_en-us_3dd4cac036a9feace5ec.js","mt":"sp-page-context_en-us_3dd4cac036a9feace5ec.js","fa":"sp-page-context_en-us_3dd4cac036a9feace5ec.js","gd":"sp-page-context_en-us_3dd4cac036a9feace5ec.js","sr-Cyrl-BA":"sp-page-context_en-us_3dd4cac036a9feace5ec.js","sr-Latn-BA":"sp-page-context_en-us_3dd4cac036a9feace5ec.js","sd":"sp-page-context_en-us_3dd4cac036a9feace5ec.js","si":"sp-page-context_en-us_3dd4cac036a9feace5ec.js","so":"sp-page-context_en-us_3dd4cac036a9feace5ec.js","ti-ET":"sp-page-context_en-us_3dd4cac036a9feace5ec.js","uz":"sp-page-context_en-us_3dd4cac036a9feace5ec.js","en-SG":"sp-page-context_en-us_3dd4cac036a9feace5ec.js","en-HK":"sp-page-context_en-us_3dd4cac036a9feace5ec.js","en-MY":"sp-page-context_en-us_3dd4cac036a9feace5ec.js","en-PH":"sp-page-context_en-us_3dd4cac036a9feace5ec.js","en-TT":"sp-page-context_en-us_3dd4cac036a9feace5ec.js","en-AZ":"sp-page-context_en-us_3dd4cac036a9feace5ec.js","en-BH":"sp-page-context_en-us_3dd4cac036a9feace5ec.js","en-BN":"sp-page-context_en-us_3dd4cac036a9feace5ec.js","en-ID":"sp-page-context_en-us_3dd4cac036a9feace5ec.js","mi":"sp-page-context_en-us_3dd4cac036a9feace5ec.js"},"defaultPath":"sp-page-context_default_3dd4cac036a9feace5ec.js"},"tslib":{"type":"component","id":"01c4df03-e775-48cb-aa14-171ee5199a15","version":"2.3.1"},"@microsoft/sp-dynamic-data":{"type":"component","id":"e40f8203-b39d-425a-a957-714852e33b79","version":"1.17.1"},"@microsoft/sp-core-library":{"type":"component","id":"7263c7d0-1d6a-45ec-8d85-d4d1d234171b","version":"1.17.1"},"@microsoft/sp-diagnostics":{"type":"component","id":"78359e4b-07c2-43c6-8d0b-d060b4d577e8","version":"1.17.1"}}}},{"manifestVersion":2,"id":"8496636c-2300-4915-abef-20de64c98d8b","alias":"@microsoft/sp-http-base","componentType":"Library","version":"1.17.1","loaderConfig":{"internalModuleBaseUrls":["https://localhost:4321/node_modules/@microsoft/sp-http-base/dist/","https://localhost:4321/dist/"],"entryModuleId":"sp-http-base","scriptResources":{"sp-http-base":{"type":"localizedPath","paths":{"default":"sp-http-base_default_330bc7f8337ad3b01461.js","en-US":"sp-http-base_en-us_330bc7f8337ad3b01461.js","qps-ploca":"sp-http-base_qps-ploca_330bc7f8337ad3b01461.js","qps-ploc":"sp-http-base_qps-ploc_330bc7f8337ad3b01461.js","en-GB":"sp-http-base_en-us_330bc7f8337ad3b01461.js","en-NZ":"sp-http-base_en-us_330bc7f8337ad3b01461.js","en-IE":"sp-http-base_en-us_330bc7f8337ad3b01461.js","en-AU":"sp-http-base_en-us_330bc7f8337ad3b01461.js","bn":"sp-http-base_en-us_330bc7f8337ad3b01461.js","chr":"sp-http-base_en-us_330bc7f8337ad3b01461.js","dv":"sp-http-base_en-us_330bc7f8337ad3b01461.js","div":"sp-http-base_en-us_330bc7f8337ad3b01461.js","en":"sp-http-base_en-us_330bc7f8337ad3b01461.js","fil":"sp-http-base_en-us_330bc7f8337ad3b01461.js","haw":"sp-http-base_en-us_330bc7f8337ad3b01461.js","iu":"sp-http-base_en-us_330bc7f8337ad3b01461.js","lo":"sp-http-base_en-us_330bc7f8337ad3b01461.js","moh":"sp-http-base_en-us_330bc7f8337ad3b01461.js","sq":"sp-http-base_en-us_330bc7f8337ad3b01461.js","am":"sp-http-base_en-us_330bc7f8337ad3b01461.js","hy":"sp-http-base_en-us_330bc7f8337ad3b01461.js","mk":"sp-http-base_en-us_330bc7f8337ad3b01461.js","bs":"sp-http-base_en-us_330bc7f8337ad3b01461.js","my":"sp-http-base_en-us_330bc7f8337ad3b01461.js","dz":"sp-http-base_en-us_330bc7f8337ad3b01461.js","en-CY":"sp-http-base_en-us_330bc7f8337ad3b01461.js","en-EG":"sp-http-base_en-us_330bc7f8337ad3b01461.js","en-IL":"sp-http-base_en-us_330bc7f8337ad3b01461.js","en-IS":"sp-http-base_en-us_330bc7f8337ad3b01461.js","en-JO":"sp-http-base_en-us_330bc7f8337ad3b01461.js","en-KE":"sp-http-base_en-us_330bc7f8337ad3b01461.js","en-KW":"sp-http-base_en-us_330bc7f8337ad3b01461.js","en-MK":"sp-http-base_en-us_330bc7f8337ad3b01461.js","en-MT":"sp-http-base_en-us_330bc7f8337ad3b01461.js","en-PK":"sp-http-base_en-us_330bc7f8337ad3b01461.js","en-QA":"sp-http-base_en-us_330bc7f8337ad3b01461.js","en-SA":"sp-http-base_en-us_330bc7f8337ad3b01461.js","en-LK":"sp-http-base_en-us_330bc7f8337ad3b01461.js","en-AE":"sp-http-base_en-us_330bc7f8337ad3b01461.js","en-VN":"sp-http-base_en-us_330bc7f8337ad3b01461.js","is":"sp-http-base_en-us_330bc7f8337ad3b01461.js","km":"sp-http-base_en-us_330bc7f8337ad3b01461.js","kh":"sp-http-base_en-us_330bc7f8337ad3b01461.js","mt":"sp-http-base_en-us_330bc7f8337ad3b01461.js","fa":"sp-http-base_en-us_330bc7f8337ad3b01461.js","gd":"sp-http-base_en-us_330bc7f8337ad3b01461.js","sr-Cyrl-BA":"sp-http-base_en-us_330bc7f8337ad3b01461.js","sr-Latn-BA":"sp-http-base_en-us_330bc7f8337ad3b01461.js","sd":"sp-http-base_en-us_330bc7f8337ad3b01461.js","si":"sp-http-base_en-us_330bc7f8337ad3b01461.js","so":"sp-http-base_en-us_330bc7f8337ad3b01461.js","ti-ET":"sp-http-base_en-us_330bc7f8337ad3b01461.js","uz":"sp-http-base_en-us_330bc7f8337ad3b01461.js","en-SG":"sp-http-base_en-us_330bc7f8337ad3b01461.js","en-HK":"sp-http-base_en-us_330bc7f8337ad3b01461.js","en-MY":"sp-http-base_en-us_330bc7f8337ad3b01461.js","en-PH":"sp-http-base_en-us_330bc7f8337ad3b01461.js","en-TT":"sp-http-base_en-us_330bc7f8337ad3b01461.js","en-AZ":"sp-http-base_en-us_330bc7f8337ad3b01461.js","en-BH":"sp-http-base_en-us_330bc7f8337ad3b01461.js","en-BN":"sp-http-base_en-us_330bc7f8337ad3b01461.js","en-ID":"sp-http-base_en-us_330bc7f8337ad3b01461.js","mi":"sp-http-base_en-us_330bc7f8337ad3b01461.js"},"defaultPath":"sp-http-base_default_330bc7f8337ad3b01461.js"},"tslib":{"type":"component","id":"01c4df03-e775-48cb-aa14-171ee5199a15","version":"2.3.1"},"@ms/sp-telemetry":{"type":"component","id":"8217e442-8ed3-41fd-957d-b112e841286a","version":"0.28.16"},"@ms/odsp-core-bundle":{"type":"component","id":"2e09fb9b-13bb-48f2-859f-97d6fff71176","version":"1.3.154"},"@microsoft/sp-core-library":{"type":"component","id":"7263c7d0-1d6a-45ec-8d85-d4d1d234171b","version":"1.17.1"},"@microsoft/sp-page-context":{"type":"component","id":"1c4541f7-5c31-41aa-9fa8-fbc9dc14c0a8","version":"1.17.1"},"@microsoft/sp-diagnostics":{"type":"component","id":"78359e4b-07c2-43c6-8d0b-d060b4d577e8","version":"1.17.1"}}}},{"id":"1c6c9123-7aac-41f3-a376-3caea41ed83f","alias":"SPLoader","componentType":"Library","version":"1.17.1","manifestVersion":2,"loaderConfig":{"internalModuleBaseUrls":["https://localhost:4321/node_modules/@microsoft/sp-loader/dist/","https://localhost:54321/dist/"],"entryModuleId":"sp-loader","scriptResources":{"sp-loader":{"type":"localizedPath","paths":{"default":"sp-loader_default_f24cd3b2a0616998ea5c.js","en-US":"sp-loader_en-us_f24cd3b2a0616998ea5c.js","qps-ploca":"sp-loader_qps-ploca_f24cd3b2a0616998ea5c.js","qps-ploc":"sp-loader_qps-ploc_f24cd3b2a0616998ea5c.js","en-GB":"sp-loader_en-us_f24cd3b2a0616998ea5c.js","en-NZ":"sp-loader_en-us_f24cd3b2a0616998ea5c.js","en-IE":"sp-loader_en-us_f24cd3b2a0616998ea5c.js","en-AU":"sp-loader_en-us_f24cd3b2a0616998ea5c.js","bn":"sp-loader_en-us_f24cd3b2a0616998ea5c.js","chr":"sp-loader_en-us_f24cd3b2a0616998ea5c.js","dv":"sp-loader_en-us_f24cd3b2a0616998ea5c.js","div":"sp-loader_en-us_f24cd3b2a0616998ea5c.js","en":"sp-loader_en-us_f24cd3b2a0616998ea5c.js","fil":"sp-loader_en-us_f24cd3b2a0616998ea5c.js","haw":"sp-loader_en-us_f24cd3b2a0616998ea5c.js","iu":"sp-loader_en-us_f24cd3b2a0616998ea5c.js","lo":"sp-loader_en-us_f24cd3b2a0616998ea5c.js","moh":"sp-loader_en-us_f24cd3b2a0616998ea5c.js","sq":"sp-loader_en-us_f24cd3b2a0616998ea5c.js","am":"sp-loader_en-us_f24cd3b2a0616998ea5c.js","hy":"sp-loader_en-us_f24cd3b2a0616998ea5c.js","mk":"sp-loader_en-us_f24cd3b2a0616998ea5c.js","bs":"sp-loader_en-us_f24cd3b2a0616998ea5c.js","my":"sp-loader_en-us_f24cd3b2a0616998ea5c.js","dz":"sp-loader_en-us_f24cd3b2a0616998ea5c.js","en-CY":"sp-loader_en-us_f24cd3b2a0616998ea5c.js","en-EG":"sp-loader_en-us_f24cd3b2a0616998ea5c.js","en-IL":"sp-loader_en-us_f24cd3b2a0616998ea5c.js","en-IS":"sp-loader_en-us_f24cd3b2a0616998ea5c.js","en-JO":"sp-loader_en-us_f24cd3b2a0616998ea5c.js","en-KE":"sp-loader_en-us_f24cd3b2a0616998ea5c.js","en-KW":"sp-loader_en-us_f24cd3b2a0616998ea5c.js","en-MK":"sp-loader_en-us_f24cd3b2a0616998ea5c.js","en-MT":"sp-loader_en-us_f24cd3b2a0616998ea5c.js","en-PK":"sp-loader_en-us_f24cd3b2a0616998ea5c.js","en-QA":"sp-loader_en-us_f24cd3b2a0616998ea5c.js","en-SA":"sp-loader_en-us_f24cd3b2a0616998ea5c.js","en-LK":"sp-loader_en-us_f24cd3b2a0616998ea5c.js","en-AE":"sp-loader_en-us_f24cd3b2a0616998ea5c.js","en-VN":"sp-loader_en-us_f24cd3b2a0616998ea5c.js","is":"sp-loader_en-us_f24cd3b2a0616998ea5c.js","km":"sp-loader_en-us_f24cd3b2a0616998ea5c.js","kh":"sp-loader_en-us_f24cd3b2a0616998ea5c.js","mt":"sp-loader_en-us_f24cd3b2a0616998ea5c.js","fa":"sp-loader_en-us_f24cd3b2a0616998ea5c.js","gd":"sp-loader_en-us_f24cd3b2a0616998ea5c.js","sr-Cyrl-BA":"sp-loader_en-us_f24cd3b2a0616998ea5c.js","sr-Latn-BA":"sp-loader_en-us_f24cd3b2a0616998ea5c.js","sd":"sp-loader_en-us_f24cd3b2a0616998ea5c.js","si":"sp-loader_en-us_f24cd3b2a0616998ea5c.js","so":"sp-loader_en-us_f24cd3b2a0616998ea5c.js","ti-ET":"sp-loader_en-us_f24cd3b2a0616998ea5c.js","uz":"sp-loader_en-us_f24cd3b2a0616998ea5c.js","en-SG":"sp-loader_en-us_f24cd3b2a0616998ea5c.js","en-HK":"sp-loader_en-us_f24cd3b2a0616998ea5c.js","en-MY":"sp-loader_en-us_f24cd3b2a0616998ea5c.js","en-PH":"sp-loader_en-us_f24cd3b2a0616998ea5c.js","en-TT":"sp-loader_en-us_f24cd3b2a0616998ea5c.js","en-AZ":"sp-loader_en-us_f24cd3b2a0616998ea5c.js","en-BH":"sp-loader_en-us_f24cd3b2a0616998ea5c.js","en-BN":"sp-loader_en-us_f24cd3b2a0616998ea5c.js","en-ID":"sp-loader_en-us_f24cd3b2a0616998ea5c.js","mi":"sp-loader_en-us_f24cd3b2a0616998ea5c.js"},"defaultPath":"sp-loader_default_f24cd3b2a0616998ea5c.js"},"tslib":{"type":"component","id":"01c4df03-e775-48cb-aa14-171ee5199a15","version":"2.3.1"},"@microsoft/sp-http-base":{"type":"component","id":"8496636c-2300-4915-abef-20de64c98d8b","version":"1.17.1"},"@ms/sp-telemetry":{"type":"component","id":"8217e442-8ed3-41fd-957d-b112e841286a","version":"0.28.16"},"@microsoft/sp-dynamic-data":{"type":"component","id":"e40f8203-b39d-425a-a957-714852e33b79","version":"1.17.1"},"@microsoft/sp-lodash-subset":{"type":"component","id":"73e1dc6c-8441-42cc-ad47-4bd3659f8a3a","version":"1.17.1"},"@microsoft/sp-core-library":{"type":"component","id":"7263c7d0-1d6a-45ec-8d85-d4d1d234171b","version":"1.17.1"},"@microsoft/sp-page-context":{"type":"component","id":"1c4541f7-5c31-41aa-9fa8-fbc9dc14c0a8","version":"1.17.1"},"@microsoft/load-themed-styles":{"type":"component","id":"229b8d08-79f3-438b-8c21-4613fc877abd","version":"0.1.2"},"@microsoft/sp-diagnostics":{"type":"component","id":"78359e4b-07c2-43c6-8d0b-d060b4d577e8","version":"1.17.1"}}}},{"manifestVersion":2,"componentType":"Library","id":"44bae1a2-d2eb-4e10-8c21-a1dbdce1036f","alias":"sp-loader-assembly","isInternal":true,"version":"1.0.0","rootComponentId":"1c6c9123-7aac-41f3-a376-3caea41ed83f","requiresCustomScript":false,"loaderConfig":{"internalModuleBaseUrls":["https://localhost:4321/node_modules/@microsoft/sp-loader/dist/"],"entryModuleId":"sp-loader-assembly","scriptResources":{"sp-loader-assembly":{"type":"localizedPath","paths":{"default":"sp-loader-assembly_default.js","en-US":"sp-loader-assembly_en-us.js","qps-ploca":"sp-loader-assembly_qps-ploca.js","qps-ploc":"sp-loader-assembly_qps-ploc.js","en-GB":"sp-loader-assembly_en-us.js","en-NZ":"sp-loader-assembly_en-us.js","en-IE":"sp-loader-assembly_en-us.js","en-AU":"sp-loader-assembly_en-us.js","bn":"sp-loader-assembly_en-us.js","chr":"sp-loader-assembly_en-us.js","dv":"sp-loader-assembly_en-us.js","div":"sp-loader-assembly_en-us.js","en":"sp-loader-assembly_en-us.js","fil":"sp-loader-assembly_en-us.js","haw":"sp-loader-assembly_en-us.js","iu":"sp-loader-assembly_en-us.js","lo":"sp-loader-assembly_en-us.js","moh":"sp-loader-assembly_en-us.js","sq":"sp-loader-assembly_en-us.js","am":"sp-loader-assembly_en-us.js","hy":"sp-loader-assembly_en-us.js","mk":"sp-loader-assembly_en-us.js","bs":"sp-loader-assembly_en-us.js","my":"sp-loader-assembly_en-us.js","dz":"sp-loader-assembly_en-us.js","en-CY":"sp-loader-assembly_en-us.js","en-EG":"sp-loader-assembly_en-us.js","en-IL":"sp-loader-assembly_en-us.js","en-IS":"sp-loader-assembly_en-us.js","en-JO":"sp-loader-assembly_en-us.js","en-KE":"sp-loader-assembly_en-us.js","en-KW":"sp-loader-assembly_en-us.js","en-MK":"sp-loader-assembly_en-us.js","en-MT":"sp-loader-assembly_en-us.js","en-PK":"sp-loader-assembly_en-us.js","en-QA":"sp-loader-assembly_en-us.js","en-SA":"sp-loader-assembly_en-us.js","en-LK":"sp-loader-assembly_en-us.js","en-AE":"sp-loader-assembly_en-us.js","en-VN":"sp-loader-assembly_en-us.js","is":"sp-loader-assembly_en-us.js","km":"sp-loader-assembly_en-us.js","kh":"sp-loader-assembly_en-us.js","mt":"sp-loader-assembly_en-us.js","fa":"sp-loader-assembly_en-us.js","gd":"sp-loader-assembly_en-us.js","sr-Cyrl-BA":"sp-loader-assembly_en-us.js","sr-Latn-BA":"sp-loader-assembly_en-us.js","sd":"sp-loader-assembly_en-us.js","si":"sp-loader-assembly_en-us.js","so":"sp-loader-assembly_en-us.js","ti-ET":"sp-loader-assembly_en-us.js","uz":"sp-loader-assembly_en-us.js","en-SG":"sp-loader-assembly_en-us.js","en-HK":"sp-loader-assembly_en-us.js","en-MY":"sp-loader-assembly_en-us.js","en-PH":"sp-loader-assembly_en-us.js","en-TT":"sp-loader-assembly_en-us.js","en-AZ":"sp-loader-assembly_en-us.js","en-BH":"sp-loader-assembly_en-us.js","en-BN":"sp-loader-assembly_en-us.js","en-ID":"sp-loader-assembly_en-us.js","mi":"sp-loader-assembly_en-us.js"},"defaultPath":"sp-loader-assembly_default.js"}}}},{"manifestVersion":2,"id":"aec2bbfd-a968-4d5b-a279-12e570f378e6","alias":"@microsoft/sp-http-msgraph","componentType":"Library","version":"1.17.1","loaderConfig":{"internalModuleBaseUrls":["https://localhost:4321/node_modules/@microsoft/sp-http-msgraph/dist/","https://localhost:4321/dist/"],"entryModuleId":"sp-http-msgraph","scriptResources":{"sp-http-msgraph":{"type":"localizedPath","paths":{"default":"sp-http-msgraph_default_5c99766468ffc0eef979.js","en-US":"sp-http-msgraph_en-us_5c99766468ffc0eef979.js","qps-ploca":"sp-http-msgraph_qps-ploca_5c99766468ffc0eef979.js","qps-ploc":"sp-http-msgraph_qps-ploc_5c99766468ffc0eef979.js","en-GB":"sp-http-msgraph_en-us_5c99766468ffc0eef979.js","en-NZ":"sp-http-msgraph_en-us_5c99766468ffc0eef979.js","en-IE":"sp-http-msgraph_en-us_5c99766468ffc0eef979.js","en-AU":"sp-http-msgraph_en-us_5c99766468ffc0eef979.js","bn":"sp-http-msgraph_en-us_5c99766468ffc0eef979.js","chr":"sp-http-msgraph_en-us_5c99766468ffc0eef979.js","dv":"sp-http-msgraph_en-us_5c99766468ffc0eef979.js","div":"sp-http-msgraph_en-us_5c99766468ffc0eef979.js","en":"sp-http-msgraph_en-us_5c99766468ffc0eef979.js","fil":"sp-http-msgraph_en-us_5c99766468ffc0eef979.js","haw":"sp-http-msgraph_en-us_5c99766468ffc0eef979.js","iu":"sp-http-msgraph_en-us_5c99766468ffc0eef979.js","lo":"sp-http-msgraph_en-us_5c99766468ffc0eef979.js","moh":"sp-http-msgraph_en-us_5c99766468ffc0eef979.js","sq":"sp-http-msgraph_en-us_5c99766468ffc0eef979.js","am":"sp-http-msgraph_en-us_5c99766468ffc0eef979.js","hy":"sp-http-msgraph_en-us_5c99766468ffc0eef979.js","mk":"sp-http-msgraph_en-us_5c99766468ffc0eef979.js","bs":"sp-http-msgraph_en-us_5c99766468ffc0eef979.js","my":"sp-http-msgraph_en-us_5c99766468ffc0eef979.js","dz":"sp-http-msgraph_en-us_5c99766468ffc0eef979.js","en-CY":"sp-http-msgraph_en-us_5c99766468ffc0eef979.js","en-EG":"sp-http-msgraph_en-us_5c99766468ffc0eef979.js","en-IL":"sp-http-msgraph_en-us_5c99766468ffc0eef979.js","en-IS":"sp-http-msgraph_en-us_5c99766468ffc0eef979.js","en-JO":"sp-http-msgraph_en-us_5c99766468ffc0eef979.js","en-KE":"sp-http-msgraph_en-us_5c99766468ffc0eef979.js","en-KW":"sp-http-msgraph_en-us_5c99766468ffc0eef979.js","en-MK":"sp-http-msgraph_en-us_5c99766468ffc0eef979.js","en-MT":"sp-http-msgraph_en-us_5c99766468ffc0eef979.js","en-PK":"sp-http-msgraph_en-us_5c99766468ffc0eef979.js","en-QA":"sp-http-msgraph_en-us_5c99766468ffc0eef979.js","en-SA":"sp-http-msgraph_en-us_5c99766468ffc0eef979.js","en-LK":"sp-http-msgraph_en-us_5c99766468ffc0eef979.js","en-AE":"sp-http-msgraph_en-us_5c99766468ffc0eef979.js","en-VN":"sp-http-msgraph_en-us_5c99766468ffc0eef979.js","is":"sp-http-msgraph_en-us_5c99766468ffc0eef979.js","km":"sp-http-msgraph_en-us_5c99766468ffc0eef979.js","kh":"sp-http-msgraph_en-us_5c99766468ffc0eef979.js","mt":"sp-http-msgraph_en-us_5c99766468ffc0eef979.js","fa":"sp-http-msgraph_en-us_5c99766468ffc0eef979.js","gd":"sp-http-msgraph_en-us_5c99766468ffc0eef979.js","sr-Cyrl-BA":"sp-http-msgraph_en-us_5c99766468ffc0eef979.js","sr-Latn-BA":"sp-http-msgraph_en-us_5c99766468ffc0eef979.js","sd":"sp-http-msgraph_en-us_5c99766468ffc0eef979.js","si":"sp-http-msgraph_en-us_5c99766468ffc0eef979.js","so":"sp-http-msgraph_en-us_5c99766468ffc0eef979.js","ti-ET":"sp-http-msgraph_en-us_5c99766468ffc0eef979.js","uz":"sp-http-msgraph_en-us_5c99766468ffc0eef979.js","en-SG":"sp-http-msgraph_en-us_5c99766468ffc0eef979.js","en-HK":"sp-http-msgraph_en-us_5c99766468ffc0eef979.js","en-MY":"sp-http-msgraph_en-us_5c99766468ffc0eef979.js","en-PH":"sp-http-msgraph_en-us_5c99766468ffc0eef979.js","en-TT":"sp-http-msgraph_en-us_5c99766468ffc0eef979.js","en-AZ":"sp-http-msgraph_en-us_5c99766468ffc0eef979.js","en-BH":"sp-http-msgraph_en-us_5c99766468ffc0eef979.js","en-BN":"sp-http-msgraph_en-us_5c99766468ffc0eef979.js","en-ID":"sp-http-msgraph_en-us_5c99766468ffc0eef979.js","mi":"sp-http-msgraph_en-us_5c99766468ffc0eef979.js"},"defaultPath":"sp-http-msgraph_default_5c99766468ffc0eef979.js"},"tslib":{"type":"component","id":"01c4df03-e775-48cb-aa14-171ee5199a15","version":"2.3.1"},"@microsoft/sp-http-base":{"type":"component","id":"8496636c-2300-4915-abef-20de64c98d8b","version":"1.17.1"},"@microsoft/sp-loader":{"type":"component","id":"1c6c9123-7aac-41f3-a376-3caea41ed83f","version":"1.17.1"},"@microsoft/sp-core-library":{"type":"component","id":"7263c7d0-1d6a-45ec-8d85-d4d1d234171b","version":"1.17.1"},"@microsoft/sp-diagnostics":{"type":"component","id":"78359e4b-07c2-43c6-8d0b-d060b4d577e8","version":"1.17.1"}}}},{"id":"c07208f0-ea3b-4c1a-9965-ac1b825211a6","alias":"SPHttp","componentType":"Library","version":"1.17.1","manifestVersion":2,"preloadComponents":[],"loaderConfig":{"internalModuleBaseUrls":["https://localhost:4321/node_modules/@microsoft/sp-http/dist/","https://localhost:4321/dist/"],"entryModuleId":"sp-http","scriptResources":{"sp-http":{"type":"path","path":"sp-http_none_b2b55148da010de6e4e1.js"},"tslib":{"type":"component","id":"01c4df03-e775-48cb-aa14-171ee5199a15","version":"2.3.1"},"@microsoft/sp-http-base":{"type":"component","id":"8496636c-2300-4915-abef-20de64c98d8b","version":"1.17.1"},"@microsoft/sp-http-msgraph":{"type":"component","id":"aec2bbfd-a968-4d5b-a279-12e570f378e6","version":"1.17.1"},"@microsoft/sp-core-library":{"type":"component","id":"7263c7d0-1d6a-45ec-8d85-d4d1d234171b","version":"1.17.1"},"@microsoft/sp-diagnostics":{"type":"component","id":"78359e4b-07c2-43c6-8d0b-d060b4d577e8","version":"1.17.1"}}}},{"id":"467dc675-7cc5-4709-8aac-78e3b71bd2f6","alias":"SPComponentBase","componentType":"Library","version":"1.17.1","manifestVersion":2,"loaderConfig":{"internalModuleBaseUrls":["https://localhost:4321/node_modules/@microsoft/sp-component-base/dist/","https://localhost:4321/dist/"],"entryModuleId":"sp-component-base","scriptResources":{"sp-component-base":{"type":"localizedPath","paths":{"default":"sp-component-base_default_b5a5bdc8cae1bb25eebe.js","en-US":"sp-component-base_en-us_b5a5bdc8cae1bb25eebe.js","qps-ploca":"sp-component-base_qps-ploca_b5a5bdc8cae1bb25eebe.js","qps-ploc":"sp-component-base_qps-ploc_b5a5bdc8cae1bb25eebe.js","en-GB":"sp-component-base_en-us_b5a5bdc8cae1bb25eebe.js","en-NZ":"sp-component-base_en-us_b5a5bdc8cae1bb25eebe.js","en-IE":"sp-component-base_en-us_b5a5bdc8cae1bb25eebe.js","en-AU":"sp-component-base_en-us_b5a5bdc8cae1bb25eebe.js","bn":"sp-component-base_en-us_b5a5bdc8cae1bb25eebe.js","chr":"sp-component-base_en-us_b5a5bdc8cae1bb25eebe.js","dv":"sp-component-base_en-us_b5a5bdc8cae1bb25eebe.js","div":"sp-component-base_en-us_b5a5bdc8cae1bb25eebe.js","en":"sp-component-base_en-us_b5a5bdc8cae1bb25eebe.js","fil":"sp-component-base_en-us_b5a5bdc8cae1bb25eebe.js","haw":"sp-component-base_en-us_b5a5bdc8cae1bb25eebe.js","iu":"sp-component-base_en-us_b5a5bdc8cae1bb25eebe.js","lo":"sp-component-base_en-us_b5a5bdc8cae1bb25eebe.js","moh":"sp-component-base_en-us_b5a5bdc8cae1bb25eebe.js","sq":"sp-component-base_en-us_b5a5bdc8cae1bb25eebe.js","am":"sp-component-base_en-us_b5a5bdc8cae1bb25eebe.js","hy":"sp-component-base_en-us_b5a5bdc8cae1bb25eebe.js","mk":"sp-component-base_en-us_b5a5bdc8cae1bb25eebe.js","bs":"sp-component-base_en-us_b5a5bdc8cae1bb25eebe.js","my":"sp-component-base_en-us_b5a5bdc8cae1bb25eebe.js","dz":"sp-component-base_en-us_b5a5bdc8cae1bb25eebe.js","en-CY":"sp-component-base_en-us_b5a5bdc8cae1bb25eebe.js","en-EG":"sp-component-base_en-us_b5a5bdc8cae1bb25eebe.js","en-IL":"sp-component-base_en-us_b5a5bdc8cae1bb25eebe.js","en-IS":"sp-component-base_en-us_b5a5bdc8cae1bb25eebe.js","en-JO":"sp-component-base_en-us_b5a5bdc8cae1bb25eebe.js","en-KE":"sp-component-base_en-us_b5a5bdc8cae1bb25eebe.js","en-KW":"sp-component-base_en-us_b5a5bdc8cae1bb25eebe.js","en-MK":"sp-component-base_en-us_b5a5bdc8cae1bb25eebe.js","en-MT":"sp-component-base_en-us_b5a5bdc8cae1bb25eebe.js","en-PK":"sp-component-base_en-us_b5a5bdc8cae1bb25eebe.js","en-QA":"sp-component-base_en-us_b5a5bdc8cae1bb25eebe.js","en-SA":"sp-component-base_en-us_b5a5bdc8cae1bb25eebe.js","en-LK":"sp-component-base_en-us_b5a5bdc8cae1bb25eebe.js","en-AE":"sp-component-base_en-us_b5a5bdc8cae1bb25eebe.js","en-VN":"sp-component-base_en-us_b5a5bdc8cae1bb25eebe.js","is":"sp-component-base_en-us_b5a5bdc8cae1bb25eebe.js","km":"sp-component-base_en-us_b5a5bdc8cae1bb25eebe.js","kh":"sp-component-base_en-us_b5a5bdc8cae1bb25eebe.js","mt":"sp-component-base_en-us_b5a5bdc8cae1bb25eebe.js","fa":"sp-component-base_en-us_b5a5bdc8cae1bb25eebe.js","gd":"sp-component-base_en-us_b5a5bdc8cae1bb25eebe.js","sr-Cyrl-BA":"sp-component-base_en-us_b5a5bdc8cae1bb25eebe.js","sr-Latn-BA":"sp-component-base_en-us_b5a5bdc8cae1bb25eebe.js","sd":"sp-component-base_en-us_b5a5bdc8cae1bb25eebe.js","si":"sp-component-base_en-us_b5a5bdc8cae1bb25eebe.js","so":"sp-component-base_en-us_b5a5bdc8cae1bb25eebe.js","ti-ET":"sp-component-base_en-us_b5a5bdc8cae1bb25eebe.js","uz":"sp-component-base_en-us_b5a5bdc8cae1bb25eebe.js","en-SG":"sp-component-base_en-us_b5a5bdc8cae1bb25eebe.js","en-HK":"sp-component-base_en-us_b5a5bdc8cae1bb25eebe.js","en-MY":"sp-component-base_en-us_b5a5bdc8cae1bb25eebe.js","en-PH":"sp-component-base_en-us_b5a5bdc8cae1bb25eebe.js","en-TT":"sp-component-base_en-us_b5a5bdc8cae1bb25eebe.js","en-AZ":"sp-component-base_en-us_b5a5bdc8cae1bb25eebe.js","en-BH":"sp-component-base_en-us_b5a5bdc8cae1bb25eebe.js","en-BN":"sp-component-base_en-us_b5a5bdc8cae1bb25eebe.js","en-ID":"sp-component-base_en-us_b5a5bdc8cae1bb25eebe.js","mi":"sp-component-base_en-us_b5a5bdc8cae1bb25eebe.js"},"defaultPath":"sp-component-base_default_b5a5bdc8cae1bb25eebe.js"},"tslib":{"type":"component","id":"01c4df03-e775-48cb-aa14-171ee5199a15","version":"2.3.1"},"@ms/sp-telemetry":{"type":"component","id":"8217e442-8ed3-41fd-957d-b112e841286a","version":"0.28.16"},"@microsoft/sp-dynamic-data":{"type":"component","id":"e40f8203-b39d-425a-a957-714852e33b79","version":"1.17.1"},"@microsoft/sp-lodash-subset":{"type":"component","id":"73e1dc6c-8441-42cc-ad47-4bd3659f8a3a","version":"1.17.1"},"@microsoft/sp-core-library":{"type":"component","id":"7263c7d0-1d6a-45ec-8d85-d4d1d234171b","version":"1.17.1"},"@microsoft/sp-page-context":{"type":"component","id":"1c4541f7-5c31-41aa-9fa8-fbc9dc14c0a8","version":"1.17.1"},"@microsoft/load-themed-styles":{"type":"component","id":"229b8d08-79f3-438b-8c21-4613fc877abd","version":"0.1.2"},"@microsoft/sp-diagnostics":{"type":"component","id":"78359e4b-07c2-43c6-8d0b-d060b4d577e8","version":"1.17.1"},"@microsoft/sp-http":{"type":"component","id":"c07208f0-ea3b-4c1a-9965-ac1b825211a6","version":"1.17.1"}}}},{"manifestVersion":2,"id":"2c46c8f0-e214-4f49-951e-fd5b9d7b4ae1","alias":"SPImageHelper","componentType":"Library","version":"1.17.1","loaderConfig":{"internalModuleBaseUrls":["https://localhost:4321/node_modules/@microsoft/sp-image-helper/dist/","https://localhost:4321/dist/"],"entryModuleId":"sp-image-helper","scriptResources":{"sp-image-helper":{"type":"path","path":"sp-image-helper_none_5b856ca82f968b014fd5.js"},"@ms/odsp-core-bundle":{"type":"component","id":"2e09fb9b-13bb-48f2-859f-97d6fff71176","version":"1.3.154"},"@microsoft/sp-lodash-subset":{"type":"component","id":"73e1dc6c-8441-42cc-ad47-4bd3659f8a3a","version":"1.17.1"},"@microsoft/sp-core-library":{"type":"component","id":"7263c7d0-1d6a-45ec-8d85-d4d1d234171b","version":"1.17.1"},"@microsoft/sp-page-context":{"type":"component","id":"1c4541f7-5c31-41aa-9fa8-fbc9dc14c0a8","version":"1.17.1"},"@microsoft/sp-diagnostics":{"type":"component","id":"78359e4b-07c2-43c6-8d0b-d060b4d577e8","version":"1.17.1"}}}},{"id":"f9e737b7-f0df-4597-ba8c-3060f82380db","alias":"SPPropertyPane","componentType":"Library","version":"1.17.1","manifestVersion":2,"loaderConfig":{"internalModuleBaseUrls":["https://localhost:4321/node_modules/@microsoft/sp-property-pane/dist/","https://localhost:4321/dist/"],"entryModuleId":"sp-property-pane","scriptResources":{"sp-property-pane":{"type":"localizedPath","paths":{"default":"sp-property-pane_default_37a6eb8520307d682520.js","en-US":"sp-property-pane_en-us_37a6eb8520307d682520.js","qps-ploca":"sp-property-pane_qps-ploca_37a6eb8520307d682520.js","qps-ploc":"sp-property-pane_qps-ploc_37a6eb8520307d682520.js","en-GB":"sp-property-pane_en-us_37a6eb8520307d682520.js","en-NZ":"sp-property-pane_en-us_37a6eb8520307d682520.js","en-IE":"sp-property-pane_en-us_37a6eb8520307d682520.js","en-AU":"sp-property-pane_en-us_37a6eb8520307d682520.js","bn":"sp-property-pane_en-us_37a6eb8520307d682520.js","chr":"sp-property-pane_en-us_37a6eb8520307d682520.js","dv":"sp-property-pane_en-us_37a6eb8520307d682520.js","div":"sp-property-pane_en-us_37a6eb8520307d682520.js","en":"sp-property-pane_en-us_37a6eb8520307d682520.js","fil":"sp-property-pane_en-us_37a6eb8520307d682520.js","haw":"sp-property-pane_en-us_37a6eb8520307d682520.js","iu":"sp-property-pane_en-us_37a6eb8520307d682520.js","lo":"sp-property-pane_en-us_37a6eb8520307d682520.js","moh":"sp-property-pane_en-us_37a6eb8520307d682520.js","sq":"sp-property-pane_en-us_37a6eb8520307d682520.js","am":"sp-property-pane_en-us_37a6eb8520307d682520.js","hy":"sp-property-pane_en-us_37a6eb8520307d682520.js","mk":"sp-property-pane_en-us_37a6eb8520307d682520.js","bs":"sp-property-pane_en-us_37a6eb8520307d682520.js","my":"sp-property-pane_en-us_37a6eb8520307d682520.js","dz":"sp-property-pane_en-us_37a6eb8520307d682520.js","en-CY":"sp-property-pane_en-us_37a6eb8520307d682520.js","en-EG":"sp-property-pane_en-us_37a6eb8520307d682520.js","en-IL":"sp-property-pane_en-us_37a6eb8520307d682520.js","en-IS":"sp-property-pane_en-us_37a6eb8520307d682520.js","en-JO":"sp-property-pane_en-us_37a6eb8520307d682520.js","en-KE":"sp-property-pane_en-us_37a6eb8520307d682520.js","en-KW":"sp-property-pane_en-us_37a6eb8520307d682520.js","en-MK":"sp-property-pane_en-us_37a6eb8520307d682520.js","en-MT":"sp-property-pane_en-us_37a6eb8520307d682520.js","en-PK":"sp-property-pane_en-us_37a6eb8520307d682520.js","en-QA":"sp-property-pane_en-us_37a6eb8520307d682520.js","en-SA":"sp-property-pane_en-us_37a6eb8520307d682520.js","en-LK":"sp-property-pane_en-us_37a6eb8520307d682520.js","en-AE":"sp-property-pane_en-us_37a6eb8520307d682520.js","en-VN":"sp-property-pane_en-us_37a6eb8520307d682520.js","is":"sp-property-pane_en-us_37a6eb8520307d682520.js","km":"sp-property-pane_en-us_37a6eb8520307d682520.js","kh":"sp-property-pane_en-us_37a6eb8520307d682520.js","mt":"sp-property-pane_en-us_37a6eb8520307d682520.js","fa":"sp-property-pane_en-us_37a6eb8520307d682520.js","gd":"sp-property-pane_en-us_37a6eb8520307d682520.js","sr-Cyrl-BA":"sp-property-pane_en-us_37a6eb8520307d682520.js","sr-Latn-BA":"sp-property-pane_en-us_37a6eb8520307d682520.js","sd":"sp-property-pane_en-us_37a6eb8520307d682520.js","si":"sp-property-pane_en-us_37a6eb8520307d682520.js","so":"sp-property-pane_en-us_37a6eb8520307d682520.js","ti-ET":"sp-property-pane_en-us_37a6eb8520307d682520.js","uz":"sp-property-pane_en-us_37a6eb8520307d682520.js","en-SG":"sp-property-pane_en-us_37a6eb8520307d682520.js","en-HK":"sp-property-pane_en-us_37a6eb8520307d682520.js","en-MY":"sp-property-pane_en-us_37a6eb8520307d682520.js","en-PH":"sp-property-pane_en-us_37a6eb8520307d682520.js","en-TT":"sp-property-pane_en-us_37a6eb8520307d682520.js","en-AZ":"sp-property-pane_en-us_37a6eb8520307d682520.js","en-BH":"sp-property-pane_en-us_37a6eb8520307d682520.js","en-BN":"sp-property-pane_en-us_37a6eb8520307d682520.js","en-ID":"sp-property-pane_en-us_37a6eb8520307d682520.js","mi":"sp-property-pane_en-us_37a6eb8520307d682520.js"},"defaultPath":"sp-property-pane_default_37a6eb8520307d682520.js"},"tslib":{"type":"component","id":"01c4df03-e775-48cb-aa14-171ee5199a15","version":"2.3.1"},"@microsoft/sp-loader":{"type":"component","id":"1c6c9123-7aac-41f3-a376-3caea41ed83f","version":"1.17.1"},"@microsoft/sp-core-library":{"type":"component","id":"7263c7d0-1d6a-45ec-8d85-d4d1d234171b","version":"1.17.1"},"react":{"type":"component","id":"0d910c1c-13b9-4e1c-9aa4-b008c5e42d7d","version":"17.0.1"},"react-dom":{"type":"component","id":"aa0a46ec-1505-43cd-a44a-93f3a5aa460a","version":"17.0.1"},"@microsoft/load-themed-styles":{"type":"component","id":"229b8d08-79f3-438b-8c21-4613fc877abd","version":"0.1.2"},"@microsoft/sp-diagnostics":{"type":"component","id":"78359e4b-07c2-43c6-8d0b-d060b4d577e8","version":"1.17.1"}}}},{"manifestVersion":2,"id":"d5c7f2a5-a8e2-431c-9161-70d4d6396f79","alias":"SpTopActions","componentType":"Library","version":"1.17.1","loaderConfig":{"internalModuleBaseUrls":["https://localhost:4321/node_modules/@microsoft/sp-top-actions/dist/","https://localhost:4321/dist/"],"entryModuleId":"sp-top-actions","scriptResources":{"sp-top-actions":{"type":"path","path":"sp-top-actions_none_9f56e04b35cfb33f7404.js"}}}},{"id":"974a7777-0990-4136-8fa6-95d80114c2e0","alias":"SPWebPartBase","componentType":"Library","version":"1.17.1","manifestVersion":2,"preloadComponents":["f9e737b7-f0df-4597-ba8c-3060f82380db"],"loaderConfig":{"internalModuleBaseUrls":["https://localhost:4321/node_modules/@microsoft/sp-webpart-base/dist/","https://localhost:4321/dist/"],"entryModuleId":"sp-webpart-base","scriptResources":{"sp-webpart-base":{"type":"localizedPath","paths":{"default":"sp-webpart-base_default_72bac9bd38887d382398.js","en-US":"sp-webpart-base_en-us_72bac9bd38887d382398.js","qps-ploca":"sp-webpart-base_qps-ploca_72bac9bd38887d382398.js","qps-ploc":"sp-webpart-base_qps-ploc_72bac9bd38887d382398.js","en-GB":"sp-webpart-base_en-us_72bac9bd38887d382398.js","en-NZ":"sp-webpart-base_en-us_72bac9bd38887d382398.js","en-IE":"sp-webpart-base_en-us_72bac9bd38887d382398.js","en-AU":"sp-webpart-base_en-us_72bac9bd38887d382398.js","bn":"sp-webpart-base_en-us_72bac9bd38887d382398.js","chr":"sp-webpart-base_en-us_72bac9bd38887d382398.js","dv":"sp-webpart-base_en-us_72bac9bd38887d382398.js","div":"sp-webpart-base_en-us_72bac9bd38887d382398.js","en":"sp-webpart-base_en-us_72bac9bd38887d382398.js","fil":"sp-webpart-base_en-us_72bac9bd38887d382398.js","haw":"sp-webpart-base_en-us_72bac9bd38887d382398.js","iu":"sp-webpart-base_en-us_72bac9bd38887d382398.js","lo":"sp-webpart-base_en-us_72bac9bd38887d382398.js","moh":"sp-webpart-base_en-us_72bac9bd38887d382398.js","sq":"sp-webpart-base_en-us_72bac9bd38887d382398.js","am":"sp-webpart-base_en-us_72bac9bd38887d382398.js","hy":"sp-webpart-base_en-us_72bac9bd38887d382398.js","mk":"sp-webpart-base_en-us_72bac9bd38887d382398.js","bs":"sp-webpart-base_en-us_72bac9bd38887d382398.js","my":"sp-webpart-base_en-us_72bac9bd38887d382398.js","dz":"sp-webpart-base_en-us_72bac9bd38887d382398.js","en-CY":"sp-webpart-base_en-us_72bac9bd38887d382398.js","en-EG":"sp-webpart-base_en-us_72bac9bd38887d382398.js","en-IL":"sp-webpart-base_en-us_72bac9bd38887d382398.js","en-IS":"sp-webpart-base_en-us_72bac9bd38887d382398.js","en-JO":"sp-webpart-base_en-us_72bac9bd38887d382398.js","en-KE":"sp-webpart-base_en-us_72bac9bd38887d382398.js","en-KW":"sp-webpart-base_en-us_72bac9bd38887d382398.js","en-MK":"sp-webpart-base_en-us_72bac9bd38887d382398.js","en-MT":"sp-webpart-base_en-us_72bac9bd38887d382398.js","en-PK":"sp-webpart-base_en-us_72bac9bd38887d382398.js","en-QA":"sp-webpart-base_en-us_72bac9bd38887d382398.js","en-SA":"sp-webpart-base_en-us_72bac9bd38887d382398.js","en-LK":"sp-webpart-base_en-us_72bac9bd38887d382398.js","en-AE":"sp-webpart-base_en-us_72bac9bd38887d382398.js","en-VN":"sp-webpart-base_en-us_72bac9bd38887d382398.js","is":"sp-webpart-base_en-us_72bac9bd38887d382398.js","km":"sp-webpart-base_en-us_72bac9bd38887d382398.js","kh":"sp-webpart-base_en-us_72bac9bd38887d382398.js","mt":"sp-webpart-base_en-us_72bac9bd38887d382398.js","fa":"sp-webpart-base_en-us_72bac9bd38887d382398.js","gd":"sp-webpart-base_en-us_72bac9bd38887d382398.js","sr-Cyrl-BA":"sp-webpart-base_en-us_72bac9bd38887d382398.js","sr-Latn-BA":"sp-webpart-base_en-us_72bac9bd38887d382398.js","sd":"sp-webpart-base_en-us_72bac9bd38887d382398.js","si":"sp-webpart-base_en-us_72bac9bd38887d382398.js","so":"sp-webpart-base_en-us_72bac9bd38887d382398.js","ti-ET":"sp-webpart-base_en-us_72bac9bd38887d382398.js","uz":"sp-webpart-base_en-us_72bac9bd38887d382398.js","en-SG":"sp-webpart-base_en-us_72bac9bd38887d382398.js","en-HK":"sp-webpart-base_en-us_72bac9bd38887d382398.js","en-MY":"sp-webpart-base_en-us_72bac9bd38887d382398.js","en-PH":"sp-webpart-base_en-us_72bac9bd38887d382398.js","en-TT":"sp-webpart-base_en-us_72bac9bd38887d382398.js","en-AZ":"sp-webpart-base_en-us_72bac9bd38887d382398.js","en-BH":"sp-webpart-base_en-us_72bac9bd38887d382398.js","en-BN":"sp-webpart-base_en-us_72bac9bd38887d382398.js","en-ID":"sp-webpart-base_en-us_72bac9bd38887d382398.js","mi":"sp-webpart-base_en-us_72bac9bd38887d382398.js"},"defaultPath":"sp-webpart-base_default_72bac9bd38887d382398.js"},"tslib":{"type":"component","id":"01c4df03-e775-48cb-aa14-171ee5199a15","version":"2.3.1"},"@ms/sp-telemetry":{"type":"component","id":"8217e442-8ed3-41fd-957d-b112e841286a","version":"0.28.16"},"@microsoft/sp-component-base":{"type":"component","id":"467dc675-7cc5-4709-8aac-78e3b71bd2f6","version":"1.17.1"},"@microsoft/sp-loader":{"type":"component","id":"1c6c9123-7aac-41f3-a376-3caea41ed83f","version":"1.17.1"},"@microsoft/sp-lodash-subset":{"type":"component","id":"73e1dc6c-8441-42cc-ad47-4bd3659f8a3a","version":"1.17.1"},"@microsoft/sp-core-library":{"type":"component","id":"7263c7d0-1d6a-45ec-8d85-d4d1d234171b","version":"1.17.1"},"@microsoft/sp-page-context":{"type":"component","id":"1c4541f7-5c31-41aa-9fa8-fbc9dc14c0a8","version":"1.17.1"},"@ms/sp-edit-customer-promise":{"type":"component","id":"42647dee-1f75-4b9f-b521-5c844a6c35cc","version":"0.1.0"},"@microsoft/load-themed-styles":{"type":"component","id":"229b8d08-79f3-438b-8c21-4613fc877abd","version":"0.1.2"},"@microsoft/sp-diagnostics":{"type":"component","id":"78359e4b-07c2-43c6-8d0b-d060b4d577e8","version":"1.17.1"},"@microsoft/sp-http":{"type":"component","id":"c07208f0-ea3b-4c1a-9965-ac1b825211a6","version":"1.17.1"}}}},{"id":"36b697dd-c381-476d-aee6-627fe8fc9f50","alias":"ContentQueryWebPart","componentType":"WebPart","version":"0.0.1","manifestVersion":2,"requiresCustomScript":false,"supportedHosts":["SharePointWebPart","TeamsPersonalApp","TeamsTab","SharePointFullPage"],"supportsThemeVariants":true,"preconfiguredEntries":[{"groupId":"5c03119e-3074-46fd-976b-c60198311f70","group":{"default":"Advanced"},"title":{"default":"contentQuery"},"description":{"default":"contentQuery description"},"officeFabricIconFontName":"Page","properties":{"siteUrl":"https://example.com"}}],"loaderConfig":{"internalModuleBaseUrls":["https://localhost:4321/dist/"],"entryModuleId":"content-query-web-part","scriptResources":{"content-query-web-part":{"type":"path","path":"content-query-web-part.js"},"@microsoft/sp-property-pane":{"type":"component","id":"f9e737b7-f0df-4597-ba8c-3060f82380db","version":"1.17.1"},"@microsoft/sp-lodash-subset":{"type":"component","id":"73e1dc6c-8441-42cc-ad47-4bd3659f8a3a","version":"1.17.1"},"ContentQueryWebPartStrings":{"type":"path","path":"ContentQueryWebPartStrings_en-us.js"},"@microsoft/sp-core-library":{"type":"component","id":"7263c7d0-1d6a-45ec-8d85-d4d1d234171b","version":"1.17.1"},"@microsoft/sp-webpart-base":{"type":"component","id":"974a7777-0990-4136-8fa6-95d80114c2e0","version":"1.17.1"},"react":{"type":"component","id":"0d910c1c-13b9-4e1c-9aa4-b008c5e42d7d","version":"17.0.1"},"react-dom":{"type":"component","id":"aa0a46ec-1505-43cd-a44a-93f3a5aa460a","version":"17.0.1"},"@microsoft/sp-http":{"type":"component","id":"c07208f0-ea3b-4c1a-9965-ac1b825211a6","version":"1.17.1"},"PropertyControlStrings":{"type":"localizedPath","paths":{"ar-SA":"PropertyControlStrings_ar-sa.js","bg-BG":"PropertyControlStrings_bg-bg.js","ca-ES":"PropertyControlStrings_ca-es.js","cs-CZ":"PropertyControlStrings_cs-cz.js","da-DK":"PropertyControlStrings_da-dk.js","de-DE":"PropertyControlStrings_de-de.js","el-GR":"PropertyControlStrings_el-gr.js","en-GB":"PropertyControlStrings_en-gb.js","en-US":"PropertyControlStrings_en-us.js","es-ES":"PropertyControlStrings_es-es.js","et-EE":"PropertyControlStrings_et-ee.js","fi-FI":"PropertyControlStrings_fi-fi.js","fr-FR":"PropertyControlStrings_fr-fr.js","it-IT":"PropertyControlStrings_it-it.js","ja-JP":"PropertyControlStrings_ja-jp.js","lt-LT":"PropertyControlStrings_lt-lt.js","lv-LV":"PropertyControlStrings_lv-lv.js","nb-NO":"PropertyControlStrings_nb-no.js","nl-NL":"PropertyControlStrings_nl-nl.js","no":"PropertyControlStrings_no.js","pl-PL":"PropertyControlStrings_pl-pl.js","pt-PT":"PropertyControlStrings_pt-pt.js","ro-RO":"PropertyControlStrings_ro-ro.js","ru-RU":"PropertyControlStrings_ru-ru.js","sk-SK":"PropertyControlStrings_sk-sk.js","sr-Latn-RS":"PropertyControlStrings_sr-latn-rs.js","sv-SE":"PropertyControlStrings_sv-se.js","tr-TR":"PropertyControlStrings_tr-tr.js","vi-VN":"PropertyControlStrings_vi-vn.js","zh-CN":"PropertyControlStrings_zh-cn.js","zh-TW":"PropertyControlStrings_zh-tw.js"},"defaultPath":"PropertyControlStrings_en-us.js"}}}}]